date,daily_mtm_per_lot,slippage,Portdolio
,,,"? 10,00,000.00"
01-01-2015,1023.75,-300,"? 10,00,723.75"
02-01-2015,2587.5,-300,"? 10,03,011.25"
05-01-2015,-191.25,-300,"? 10,02,520.00"
06-01-2015,6123.75,-300,"? 10,08,343.75"
07-01-2015,-975,-300,"? 10,07,068.75"
08-01-2015,2561.25,-300,"? 10,09,330.00"
09-01-2015,-183.75,-300,"? 10,08,846.25"
12-01-2015,-1455,-300,"? 10,07,091.25"
13-01-2015,-525,-300,"? 10,06,266.25"
14-01-2015,727.5,-300,"? 10,06,693.75"
15-01-2015,3213.75,-300,"? 10,09,607.50"
16-01-2015,1822.5,-300,"? 10,11,130.00"
19-01-2015,-4421.25,-300,"? 10,06,408.75"
20-01-2015,7098.75,-300,"? 10,13,207.50"
21-01-2015,-1665,-300,"? 10,11,242.50"
22-01-2015,-3176.25,-300,"? 10,07,766.25"
23-01-2015,427.5,-300,"? 10,07,893.75"
27-01-2015,633.75,-300,"? 10,08,227.50"
28-01-2015,-3540,-300,"? 10,04,387.50"
29-01-2015,5130,-300,"? 10,09,217.50"
30-01-2015,7815,-300,"? 10,16,732.50"
02-02-2015,-1938.75,-300,"? 10,14,493.75"
03-02-2015,4518.75,-300,"? 10,18,712.50"
04-02-2015,2055,-300,"? 10,20,467.50"
05-02-2015,-2433.75,-300,"? 10,17,733.75"
06-02-2015,2291.25,-300,"? 10,19,725.00"
09-02-2015,2565,-300,"? 10,21,990.00"
10-02-2015,-14561.25,-300,"? 10,07,128.75"
11-02-2015,1275,-300,"? 10,08,103.75"
12-02-2015,555,-300,"? 10,08,358.75"
13-02-2015,2891.25,-300,"? 10,10,950.00"
16-02-2015,-1091.25,-300,"? 10,09,558.75"
18-02-2015,956.25,-300,"? 10,10,215.00"
19-02-2015,-1207.5,-300,"? 10,08,707.50"
20-02-2015,0,-300,"? 10,08,407.50"
23-02-2015,7665,-300,"? 10,15,772.50"
24-02-2015,-5295,-300,"? 10,10,177.50"
25-02-2015,3090,-300,"? 10,12,967.50"
26-02-2015,4241.25,-300,"? 10,16,908.75"
27-02-2015,6277.5,-300,"? 10,22,886.25"
28-02-2015,-1803.75,-300,"? 10,20,782.50"
02-03-2015,-4376.25,-300,"? 10,16,106.25"
03-03-2015,2786.25,-300,"? 10,18,592.50"
04-03-2015,11186.25,-300,"? 10,29,478.75"
05-03-2015,-3543.75,-300,"? 10,25,635.00"
09-03-2015,5152.5,-300,"? 10,30,487.50"
10-03-2015,-1710,-300,"? 10,28,477.50"
11-03-2015,-3382.5,-300,"? 10,24,795.00"
12-03-2015,345,-300,"? 10,24,840.00"
13-03-2015,5898.75,-300,"? 10,30,438.75"
16-03-2015,-3431.25,-300,"? 10,26,707.50"
17-03-2015,-7162.5,-300,"? 10,19,245.00"
18-03-2015,-2070,-300,"? 10,16,875.00"
19-03-2015,8568.75,-300,"? 10,25,143.75"
20-03-2015,1256.25,-300,"? 10,26,100.00"
23-03-2015,1046.25,-300,"? 10,26,846.25"
24-03-2015,-2126.25,-300,"? 10,24,420.00"
25-03-2015,1863.75,-300,"? 10,25,983.75"
26-03-2015,7121.25,-300,"? 10,32,805.00"
27-03-2015,615,-300,"? 10,33,120.00"
30-03-2015,6776.25,-300,"? 10,39,596.25"
31-03-2015,292.5,-300,"? 10,39,588.75"
01-04-2015,8032.5,-300,"? 10,47,321.25"
06-04-2015,2741.25,-300,"? 10,49,762.50"
07-04-2015,-1612.5,-300,"? 10,47,850.00"
08-04-2015,-686.25,-300,"? 10,46,863.75"
09-04-2015,1695,-300,"? 10,48,258.75"
10-04-2015,-1260,-300,"? 10,46,698.75"
13-04-2015,3581.25,-300,"? 10,49,980.00"
15-04-2015,3048.75,-300,"? 10,52,728.75"
16-04-2015,352.5,-300,"? 10,52,781.25"
17-04-2015,3007.5,-300,"? 10,55,488.75"
20-04-2015,8081.25,-300,"? 10,63,270.00"
21-04-2015,615,-300,"? 10,63,585.00"
22-04-2015,-337.5,-300,"? 10,62,947.50"
23-04-2015,5452.5,-300,"? 10,68,100.00"
24-04-2015,1758.75,-300,"? 10,69,558.75"
27-04-2015,3075,-300,"? 10,72,333.75"
28-04-2015,746.25,-300,"? 10,72,780.00"
29-04-2015,-1443.75,-300,"? 10,71,036.25"
30-04-2015,-5962.5,-300,"? 10,64,773.75"
04-05-2015,3986.25,-300,"? 10,68,460.00"
05-05-2015,-1867.5,-300,"? 10,66,292.50"
06-05-2015,4218.75,-300,"? 10,70,211.25"
07-05-2015,-821.25,-300,"? 10,69,090.00"
08-05-2015,1162.5,-300,"? 10,69,952.50"
11-05-2015,4113.75,-300,"? 10,73,766.25"
12-05-2015,3363.75,-300,"? 10,76,830.00"
13-05-2015,-4518.75,-300,"? 10,72,011.25"
14-05-2015,866.25,-300,"? 10,72,577.50"
15-05-2015,0,-300,"? 10,72,277.50"
18-05-2015,4346.25,-300,"? 10,76,323.75"
19-05-2015,-401.25,-300,"? 10,75,622.50"
20-05-2015,-2726.25,-300,"? 10,72,596.25"
21-05-2015,0,-300,"? 10,72,296.25"
22-05-2015,892.5,-300,"? 10,72,888.75"
25-05-2015,3603.75,-300,"? 10,76,192.50"
26-05-2015,-513.75,-300,"? 10,75,378.75"
27-05-2015,828.75,-300,"? 10,75,907.50"
28-05-2015,1421.25,-300,"? 10,77,028.75"
29-05-2015,5655,-300,"? 10,82,383.75"
01-06-2015,-1256.25,-300,"? 10,80,827.50"
02-06-2015,10938.75,-300,"? 10,91,466.25"
03-06-2015,2051.25,-300,"? 10,93,217.50"
04-06-2015,-4110,-300,"? 10,88,807.50"
05-06-2015,-3472.5,-300,"? 10,85,035.00"
08-06-2015,2291.25,-300,"? 10,87,026.25"
09-06-2015,738.75,-300,"? 10,87,465.00"
10-06-2015,1095,-300,"? 10,88,260.00"
11-06-2015,12446.25,-300,"? 11,00,406.25"
12-06-2015,348.75,-300,"? 11,00,455.00"
15-06-2015,-1447.5,-300,"? 10,98,707.50"
16-06-2015,2081.25,-300,"? 11,00,488.75"
17-06-2015,431.25,-300,"? 11,00,620.00"
18-06-2015,1425,-300,"? 11,01,745.00"
19-06-2015,-1983.75,-300,"? 10,99,461.25"
22-06-2015,3832.5,-300,"? 11,02,993.75"
23-06-2015,-963.75,-300,"? 11,01,730.00"
24-06-2015,888.75,-300,"? 11,02,318.75"
25-06-2015,3457.5,-300,"? 11,05,476.25"
26-06-2015,-2013.75,-300,"? 11,03,162.50"
29-06-2015,2808.75,-300,"? 11,05,671.25"
30-06-2015,1428.75,-300,"? 11,06,800.00"
01-07-2015,2261.25,-300,"? 11,08,761.25"
02-07-2015,-1623.75,-300,"? 11,06,837.50"
03-07-2015,0,-300,"? 11,06,537.50"
06-07-2015,7080,-300,"? 11,13,317.50"
07-07-2015,1012.5,-300,"? 11,14,030.00"
08-07-2015,5493.75,-300,"? 11,19,223.75"
09-07-2015,1016.25,-300,"? 11,19,940.00"
10-07-2015,-720,-300,"? 11,18,920.00"
13-07-2015,4001.25,-300,"? 11,22,621.25"
14-07-2015,-3086.25,-300,"? 11,19,235.00"
15-07-2015,716.25,-300,"? 11,19,651.25"
16-07-2015,3116.25,-300,"? 11,22,467.50"
17-07-2015,0,-300,"? 11,22,167.50"
20-07-2015,-3971.25,-300,"? 11,17,896.25"
21-07-2015,1717.5,-300,"? 11,19,313.75"
22-07-2015,4620,-300,"? 11,23,633.75"
23-07-2015,2820,-300,"? 11,26,153.75"
24-07-2015,3161.25,-300,"? 11,29,015.00"
27-07-2015,5126.25,-300,"? 11,33,841.25"
28-07-2015,-2538.75,-300,"? 11,31,002.50"
29-07-2015,277.5,-300,"? 11,30,980.00"
30-07-2015,-1706.25,-300,"? 11,28,973.75"
31-07-2015,3881.25,-300,"? 11,32,555.00"
03-08-2015,-5231.25,-300,"? 11,27,023.75"
04-08-2015,-7758.75,-300,"? 11,18,965.00"
05-08-2015,-1320,-300,"? 11,17,345.00"
06-08-2015,-2100,-300,"? 11,14,945.00"
07-08-2015,626.25,-300,"? 11,15,271.25"
10-08-2015,1406.25,-300,"? 11,16,377.50"
11-08-2015,2580,-300,"? 11,18,657.50"
12-08-2015,-386.25,-300,"? 11,17,971.25"
13-08-2015,393.75,-300,"? 11,18,065.00"
14-08-2015,8493.75,-300,"? 11,26,258.75"
17-08-2015,0,-300,"? 11,25,958.75"
18-08-2015,2553.75,-300,"? 11,28,212.50"
19-08-2015,2752.5,-300,"? 11,30,665.00"
20-08-2015,5726.25,-300,"? 11,36,091.25"
21-08-2015,1526.25,-300,"? 11,37,317.50"
24-08-2015,16440,-300,"? 11,53,457.50"
25-08-2015,-7417.5,-300,"? 11,45,740.00"
26-08-2015,-6446.25,-300,"? 11,38,993.75"
27-08-2015,3675,-300,"? 11,42,368.75"
28-08-2015,-326.25,-300,"? 11,41,742.50"
31-08-2015,-997.5,-300,"? 11,40,445.00"
01-09-2015,8246.25,-300,"? 11,48,391.25"
02-09-2015,1815,-300,"? 11,49,906.25"
03-09-2015,1155,-300,"? 11,50,761.25"
04-09-2015,-183.75,-300,"? 11,50,277.50"
07-09-2015,5377.5,-300,"? 11,55,355.00"
08-09-2015,3795,-300,"? 11,58,850.00"
09-09-2015,-1428.75,-300,"? 11,57,121.25"
10-09-2015,7436.25,-300,"? 11,64,257.50"
11-09-2015,3615,-300,"? 11,67,572.50"
14-09-2015,5167.5,-300,"? 11,72,440.00"
15-09-2015,1612.5,-300,"? 11,73,752.50"
16-09-2015,-753.75,-300,"? 11,72,698.75"
18-09-2015,-4755,-300,"? 11,67,643.75"
21-09-2015,2677.5,-300,"? 11,70,021.25"
22-09-2015,14561.25,-300,"? 11,84,282.50"
23-09-2015,6101.25,-300,"? 11,90,083.75"
24-09-2015,1916.25,-300,"? 11,91,700.00"
28-09-2015,1875,-300,"? 11,93,275.00"
29-09-2015,10181.25,-300,"? 12,03,156.25"
30-09-2015,2662.5,-300,"? 12,05,518.75"
01-10-2015,2257.5,-300,"? 12,07,476.25"
05-10-2015,4871.25,-300,"? 12,12,047.50"
06-10-2015,-3041.25,-300,"? 12,08,706.25"
07-10-2015,-3738.75,-300,"? 12,04,667.50"
08-10-2015,922.5,-300,"? 12,05,290.00"
09-10-2015,303.75,-300,"? 12,05,293.75"
12-10-2015,2238.75,-300,"? 12,07,232.50"
13-10-2015,-918.75,-300,"? 12,06,013.75"
14-10-2015,-5141.25,-300,"? 12,00,572.50"
15-10-2015,-15,-300,"? 12,00,257.50"
16-10-2015,3217.5,-300,"? 12,03,175.00"
19-10-2015,558.75,-300,"? 12,03,433.75"
20-10-2015,-1188.75,-300,"? 12,01,945.00"
21-10-2015,270,-300,"? 12,01,915.00"
23-10-2015,446.25,-300,"? 12,02,061.25"
26-10-2015,2538.75,-300,"? 12,04,300.00"
27-10-2015,-75,-300,"? 12,03,925.00"
28-10-2015,1440,-300,"? 12,05,065.00"
29-10-2015,2433.75,-300,"? 12,07,198.75"
30-10-2015,1046.25,-300,"? 12,07,945.00"
02-11-2015,-2748.75,-300,"? 12,04,896.25"
03-11-2015,2130,-300,"? 12,06,726.25"
04-11-2015,4443.75,-300,"? 12,10,870.00"
05-11-2015,652.5,-300,"? 12,11,222.50"
06-11-2015,-690,-300,"? 12,10,232.50"
09-11-2015,3753.75,-300,"? 12,13,686.25"
10-11-2015,5613.75,-300,"? 12,19,000.00"
13-11-2015,-2403.75,-300,"? 12,16,296.25"
16-11-2015,4946.25,-300,"? 12,20,942.50"
17-11-2015,-1905,-300,"? 12,18,737.50"
18-11-2015,6641.25,-300,"? 12,25,078.75"
19-11-2015,4320,-300,"? 12,29,098.75"
20-11-2015,1031.25,-300,"? 12,29,830.00"
23-11-2015,420,-300,"? 12,29,950.00"
24-11-2015,-2722.5,-300,"? 12,26,927.50"
26-11-2015,630,-300,"? 12,27,257.50"
27-11-2015,1410,-300,"? 12,28,367.50"
30-11-2015,-4908.75,-300,"? 12,23,158.75"
01-12-2015,420,-300,"? 12,23,278.75"
02-12-2015,1800,-300,"? 12,24,778.75"
03-12-2015,1522.5,-300,"? 12,26,001.25"
04-12-2015,-960,-300,"? 12,24,741.25"
07-12-2015,1968.75,-300,"? 12,26,410.00"
08-12-2015,4042.5,-300,"? 12,30,152.50"
09-12-2015,4151.25,-300,"? 12,34,003.75"
10-12-2015,2242.5,-300,"? 12,35,946.25"
11-12-2015,3645,-300,"? 12,39,291.25"
14-12-2015,2621.25,-300,"? 12,41,612.50"
15-12-2015,3300,-300,"? 12,44,612.50"
16-12-2015,-652.5,-300,"? 12,43,660.00"
17-12-2015,352.5,-300,"? 12,43,712.50"
18-12-2015,3607.5,-300,"? 12,47,020.00"
21-12-2015,2763.75,-300,"? 12,49,483.75"
22-12-2015,843.75,-300,"? 12,50,027.50"
23-12-2015,573.75,-300,"? 12,50,301.25"
24-12-2015,-577.5,-300,"? 12,49,423.75"
28-12-2015,1293.75,-300,"? 12,50,417.50"
29-12-2015,-142.5,-300,"? 12,49,975.00"
30-12-2015,2216.25,-300,"? 12,51,891.25"
31-12-2015,2763.75,-300,"? 12,54,355.00"
01-01-2016,1792.5,-300,"? 12,55,847.50"
04-01-2016,6742.5,-300,"? 12,62,290.00"
05-01-2016,183.75,-300,"? 12,62,173.75"
06-01-2016,975,-300,"? 12,62,848.75"
07-01-2016,4511.25,-300,"? 12,67,060.00"
08-01-2016,-1162.5,-300,"? 12,65,597.50"
11-01-2016,2778.75,-300,"? 12,68,076.25"
12-01-2016,2868.75,-300,"? 12,70,645.00"
13-01-2016,-4286.25,-300,"? 12,66,058.75"
14-01-2016,3840,-300,"? 12,69,598.75"
15-01-2016,6716.25,-300,"? 12,76,015.00"
18-01-2016,2981.25,-300,"? 12,78,696.25"
19-01-2016,2400,-300,"? 12,80,796.25"
20-01-2016,-1263.75,-300,"? 12,79,232.50"
21-01-2016,3772.5,-300,"? 12,82,705.00"
22-01-2016,3551.25,-300,"? 12,85,956.25"
25-01-2016,1162.5,-300,"? 12,86,818.75"
27-01-2016,-828.75,-300,"? 12,85,690.00"
28-01-2016,-1593.75,-300,"? 12,83,796.25"
29-01-2016,6735,-300,"? 12,90,231.25"
01-02-2016,-963.75,-300,"? 12,88,967.50"
02-02-2016,7406.25,-300,"? 12,96,073.75"
03-02-2016,-2171.25,-300,"? 12,93,602.50"
04-02-2016,-3067.5,-300,"? 12,90,235.00"
05-02-2016,4526.25,-300,"? 12,94,461.25"
08-02-2016,6768.75,-300,"? 13,00,930.00"
09-02-2016,-2287.5,-300,"? 12,98,342.50"
10-02-2016,292.5,-300,"? 12,98,335.00"
11-02-2016,13406.25,-300,"? 13,11,441.25"
12-02-2016,-8100,-300,"? 13,03,041.25"
15-02-2016,1950,-300,"? 13,04,691.25"
16-02-2016,6532.5,-300,"? 13,10,923.75"
17-02-2016,5917.5,-300,"? 13,16,541.25"
18-02-2016,-1245,-300,"? 13,14,996.25"
19-02-2016,787.5,-300,"? 13,15,483.75"
22-02-2016,-371.25,-300,"? 13,14,812.50"
23-02-2016,5403.75,-300,"? 13,19,916.25"
24-02-2016,-307.5,-300,"? 13,19,308.75"
25-02-2016,453.75,-300,"? 13,19,462.50"
26-02-2016,-2970,-300,"? 13,16,192.50"
29-02-2016,-2238.75,-300,"? 13,13,653.75"
01-03-2016,6127.5,-300,"? 13,19,481.25"
02-03-2016,1031.25,-300,"? 13,20,212.50"
03-03-2016,2433.75,-300,"? 13,22,346.25"
04-03-2016,1113.75,-300,"? 13,23,160.00"
08-03-2016,-165,-300,"? 13,22,695.00"
09-03-2016,5962.5,-300,"? 13,28,357.50"
10-03-2016,-225,-300,"? 13,27,832.50"
11-03-2016,-2512.5,-300,"? 13,25,020.00"
14-03-2016,1717.5,-300,"? 13,26,437.50"
15-03-2016,2047.5,-300,"? 13,28,185.00"
16-03-2016,1567.5,-300,"? 13,29,452.50"
17-03-2016,5835,-300,"? 13,34,987.50"
18-03-2016,3123.75,-300,"? 13,37,811.25"
21-03-2016,3888.75,-300,"? 13,41,400.00"
22-03-2016,-15,-300,"? 13,41,085.00"
23-03-2016,-2208.75,-300,"? 13,38,576.25"
28-03-2016,4620,-300,"? 13,42,896.25"
29-03-2016,-4350,-300,"? 13,38,246.25"
30-03-2016,5433.75,-300,"? 13,43,380.00"
31-03-2016,-3045,-300,"? 13,40,035.00"
01-04-2016,-1057.5,-300,"? 13,38,677.50"
04-04-2016,-1196.25,-300,"? 13,37,181.25"
05-04-2016,9776.25,-300,"? 13,46,657.50"
06-04-2016,-3768.75,-300,"? 13,42,588.75"
07-04-2016,-86.25,-300,"? 13,42,202.50"
08-04-2016,303.75,-300,"? 13,42,206.25"
11-04-2016,7440,-300,"? 13,49,346.25"
12-04-2016,993.75,-300,"? 13,50,040.00"
13-04-2016,1316.25,-300,"? 13,51,056.25"
18-04-2016,1826.25,-300,"? 13,52,582.50"
20-04-2016,-701.25,-300,"? 13,51,581.25"
21-04-2016,4886.25,-300,"? 13,56,167.50"
22-04-2016,-453.75,-300,"? 13,55,413.75"
25-04-2016,892.5,-300,"? 13,56,006.25"
26-04-2016,7758.75,-300,"? 13,63,465.00"
27-04-2016,-3480,-300,"? 13,59,685.00"
28-04-2016,9131.25,-300,"? 13,68,516.25"
29-04-2016,-1492.5,-300,"? 13,66,723.75"
02-05-2016,-1548.75,-300,"? 13,64,875.00"
03-05-2016,6288.75,-300,"? 13,70,863.75"
04-05-2016,-2163.75,-300,"? 13,68,400.00"
05-05-2016,-3187.5,-300,"? 13,64,912.50"
06-05-2016,2535,-300,"? 13,67,147.50"
09-05-2016,2733.75,-300,"? 13,69,581.25"
10-05-2016,686.25,-300,"? 13,69,967.50"
11-05-2016,-1005,-300,"? 13,68,662.50"
12-05-2016,-2002.5,-300,"? 13,66,360.00"
13-05-2016,866.25,-300,"? 13,66,926.25"
16-05-2016,-318.75,-300,"? 13,66,307.50"
17-05-2016,-307.5,-300,"? 13,65,700.00"
18-05-2016,1237.5,-300,"? 13,66,637.50"
19-05-2016,2565,-300,"? 13,68,902.50"
20-05-2016,-247.5,-300,"? 13,68,355.00"
23-05-2016,-1957.5,-300,"? 13,66,097.50"
24-05-2016,1443.75,-300,"? 13,67,241.25"
25-05-2016,5077.5,-300,"? 13,72,018.75"
26-05-2016,7533.75,-300,"? 13,79,252.50"
27-05-2016,1361.25,-300,"? 13,80,313.75"
30-05-2016,-926.25,-300,"? 13,79,087.50"
31-05-2016,-1357.5,-300,"? 13,77,430.00"
01-06-2016,-2681.25,-300,"? 13,74,448.75"
02-06-2016,2868.75,-300,"? 13,77,017.50"
03-06-2016,2141.25,-300,"? 13,78,858.75"
06-06-2016,855,-300,"? 13,79,413.75"
07-06-2016,1481.25,-300,"? 13,80,595.00"
08-06-2016,-1815,-300,"? 13,78,480.00"
09-06-2016,1421.25,-300,"? 13,79,601.25"
10-06-2016,2148.75,-300,"? 13,81,450.00"
13-06-2016,82.5,-300,"? 13,81,232.50"
14-06-2016,-1462.5,-300,"? 13,79,470.00"
15-06-2016,4263.75,-300,"? 13,83,433.75"
16-06-2016,-1826.25,-300,"? 13,81,307.50"
17-06-2016,-551.25,-300,"? 13,80,456.25"
20-06-2016,3003.75,-300,"? 13,83,160.00"
21-06-2016,-270,-300,"? 13,82,590.00"
22-06-2016,1046.25,-300,"? 13,83,336.25"
23-06-2016,4447.5,-300,"? 13,87,483.75"
24-06-2016,-4965,-300,"? 13,82,218.75"
27-06-2016,-3900,-300,"? 13,78,018.75"
28-06-2016,180,-300,"? 13,77,898.75"
29-06-2016,-678.75,-300,"? 13,76,920.00"
30-06-2016,288.75,-300,"? 13,76,908.75"
01-07-2016,-1935,-300,"? 13,74,673.75"
04-07-2016,-333.75,-300,"? 13,74,040.00"
05-07-2016,-326.25,-300,"? 13,73,413.75"
07-07-2016,-3945,-300,"? 13,69,168.75"
08-07-2016,0,-300,"? 13,68,868.75"
11-07-2016,753.75,-300,"? 13,69,322.50"
12-07-2016,1612.5,-300,"? 13,70,635.00"
13-07-2016,472.5,-300,"? 13,70,807.50"
14-07-2016,3656.25,-300,"? 13,74,163.75"
15-07-2016,-821.25,-300,"? 13,73,042.50"
18-07-2016,3967.5,-300,"? 13,76,710.00"
19-07-2016,-2471.25,-300,"? 13,73,938.75"
20-07-2016,382.5,-300,"? 13,74,021.25"
21-07-2016,3367.5,-300,"? 13,77,088.75"
22-07-2016,2193.75,-300,"? 13,78,982.50"
25-07-2016,6663.75,-300,"? 13,85,346.25"
26-07-2016,1785,-300,"? 13,86,831.25"
27-07-2016,532.5,-300,"? 13,87,063.75"
28-07-2016,1500,-300,"? 13,88,263.75"
29-07-2016,-2118.75,-300,"? 13,85,845.00"
01-08-2016,2568.75,-300,"? 13,88,113.75"
02-08-2016,1016.25,-300,"? 13,88,830.00"
03-08-2016,2178.75,-300,"? 13,90,708.75"
04-08-2016,-2902.5,-300,"? 13,87,506.25"
05-08-2016,3952.5,-300,"? 13,91,158.75"
08-08-2016,266.25,-300,"? 13,91,125.00"
09-08-2016,1383.75,-300,"? 13,92,208.75"
10-08-2016,3472.5,-300,"? 13,95,381.25"
11-08-2016,-3517.5,-300,"? 13,91,563.75"
12-08-2016,-495,-300,"? 13,90,768.75"
16-08-2016,873.75,-300,"? 13,91,342.50"
17-08-2016,-993.75,-300,"? 13,90,048.75"
18-08-2016,225,-300,"? 13,89,973.75"
19-08-2016,217.5,-300,"? 13,89,891.25"
22-08-2016,930,-300,"? 13,90,521.25"
23-08-2016,-1612.5,-300,"? 13,88,608.75"
24-08-2016,-1803.75,-300,"? 13,86,505.00"
25-08-2016,6067.5,-300,"? 13,92,272.50"
26-08-2016,487.5,-300,"? 13,92,460.00"
29-08-2016,3288.75,-300,"? 13,95,448.75"
30-08-2016,5538.75,-300,"? 14,00,687.50"
31-08-2016,-1166.25,-300,"? 13,99,221.25"
01-09-2016,-4087.5,-300,"? 13,94,833.75"
02-09-2016,-667.5,-300,"? 13,93,866.25"
06-09-2016,4331.25,-300,"? 13,97,897.50"
07-09-2016,285,-300,"? 13,97,882.50"
08-09-2016,2767.5,-300,"? 14,00,350.00"
09-09-2016,483.75,-300,"? 14,00,533.75"
12-09-2016,0,-300,"? 14,00,233.75"
14-09-2016,-2160,-300,"? 13,97,773.75"
15-09-2016,-1245,-300,"? 13,96,228.75"
16-09-2016,-1128.75,-300,"? 13,94,800.00"
19-09-2016,-225,-300,"? 13,94,275.00"
20-09-2016,-528.75,-300,"? 13,93,446.25"
21-09-2016,-1863.75,-300,"? 13,91,282.50"
22-09-2016,131.25,-300,"? 13,91,113.75"
23-09-2016,570,-300,"? 13,91,383.75"
26-09-2016,4852.5,-300,"? 13,95,936.25"
27-09-2016,1968.75,-300,"? 13,97,605.00"
28-09-2016,1308.75,-300,"? 13,98,613.75"
29-09-2016,12761.25,-300,"? 14,11,075.00"
30-09-2016,191.25,-300,"? 14,10,966.25"
03-10-2016,2846.25,-300,"? 14,13,512.50"
04-10-2016,-2130,-300,"? 14,11,082.50"
05-10-2016,1162.5,-300,"? 14,11,945.00"
06-10-2016,1398.75,-300,"? 14,13,043.75"
07-10-2016,-960,-300,"? 14,11,783.75"
10-10-2016,-243.75,-300,"? 14,11,240.00"
13-10-2016,4275,-300,"? 14,15,215.00"
14-10-2016,-888.75,-300,"? 14,14,026.25"
17-10-2016,3656.25,-300,"? 14,17,382.50"
18-10-2016,6378.75,-300,"? 14,23,461.25"
19-10-2016,-3060,-300,"? 14,20,101.25"
20-10-2016,-555,-300,"? 14,19,246.25"
21-10-2016,-345,-300,"? 14,18,601.25"
24-10-2016,-540,-300,"? 14,17,761.25"
25-10-2016,0,-300,"? 14,17,461.25"
26-10-2016,637.5,-300,"? 14,17,798.75"
27-10-2016,90,-300,"? 14,17,588.75"
28-10-2016,1117.5,-300,"? 14,18,406.25"
01-11-2016,-2137.5,-300,"? 14,15,968.75"
02-11-2016,-3187.5,-300,"? 14,12,481.25"
03-11-2016,-337.5,-300,"? 14,11,843.75"
04-11-2016,1485,-300,"? 14,13,028.75"
07-11-2016,71.25,-300,"? 14,12,800.00"
08-11-2016,-258.75,-300,"? 14,12,241.25"
09-11-2016,9228.75,-300,"? 14,21,170.00"
10-11-2016,-3071.25,-300,"? 14,17,798.75"
11-11-2016,5700,-300,"? 14,23,198.75"
15-11-2016,3472.5,-300,"? 14,26,371.25"
16-11-2016,540,-300,"? 14,26,611.25"
17-11-2016,600,-300,"? 14,26,911.25"
18-11-2016,-1121.25,-300,"? 14,25,490.00"
21-11-2016,5512.5,-300,"? 14,30,702.50"
22-11-2016,-4567.5,-300,"? 14,25,835.00"
23-11-2016,-3037.5,-300,"? 14,22,497.50"
24-11-2016,-1578.75,-300,"? 14,20,618.75"
25-11-2016,5778.75,-300,"? 14,26,097.50"
28-11-2016,828.75,-300,"? 14,26,626.25"
29-11-2016,-3570,-300,"? 14,22,756.25"
30-11-2016,2250,-300,"? 14,24,706.25"
01-12-2016,1252.5,-300,"? 14,25,658.75"
02-12-2016,-757.5,-300,"? 14,24,601.25"
05-12-2016,615,-300,"? 14,24,916.25"
06-12-2016,-3408.75,-300,"? 14,21,207.50"
07-12-2016,5640,-300,"? 14,26,547.50"
08-12-2016,1668.75,-300,"? 14,27,916.25"
09-12-2016,-292.5,-300,"? 14,27,323.75"
12-12-2016,1747.5,-300,"? 14,28,771.25"
13-12-2016,2775,-300,"? 14,31,246.25"
14-12-2016,-1110,-300,"? 14,29,836.25"
15-12-2016,-5167.5,-300,"? 14,24,368.75"
16-12-2016,-341.25,-300,"? 14,23,727.50"
19-12-2016,-491.25,-300,"? 14,22,936.25"
20-12-2016,1635,-300,"? 14,24,271.25"
21-12-2016,-78.75,-300,"? 14,23,892.50"
22-12-2016,1267.5,-300,"? 14,24,860.00"
23-12-2016,502.5,-300,"? 14,25,062.50"
26-12-2016,0,-300,"? 14,24,762.50"
27-12-2016,7170,-300,"? 14,31,632.50"
28-12-2016,-2651.25,-300,"? 14,28,681.25"
29-12-2016,3930,-300,"? 14,32,311.25"
30-12-2016,918.75,-300,"? 14,32,930.00"
02-01-2017,-2373.75,-300,"? 14,30,256.25"
03-01-2017,75,-300,"? 14,30,031.25"
04-01-2017,30,-300,"? 14,29,761.25"
05-01-2017,1533.75,-300,"? 14,30,995.00"
06-01-2017,2523.75,-300,"? 14,33,218.75"
09-01-2017,337.5,-300,"? 14,33,256.25"
10-01-2017,240,-300,"? 14,33,196.25"
11-01-2017,2261.25,-300,"? 14,35,157.50"
12-01-2017,0,-300,"? 14,34,857.50"
13-01-2017,-877.5,-300,"? 14,33,680.00"
16-01-2017,1488.75,-300,"? 14,34,868.75"
17-01-2017,1991.25,-300,"? 14,36,560.00"
18-01-2017,-4136.25,-300,"? 14,32,123.75"
19-01-2017,438.75,-300,"? 14,32,262.50"
20-01-2017,4530,-300,"? 14,36,492.50"
23-01-2017,510,-300,"? 14,36,702.50"
24-01-2017,3180,-300,"? 14,39,582.50"
25-01-2017,6022.5,-300,"? 14,45,305.00"
27-01-2017,-881.25,-300,"? 14,44,123.75"
30-01-2017,-768.75,-300,"? 14,43,055.00"
31-01-2017,1871.25,-300,"? 14,44,626.25"
01-02-2017,8958.75,-300,"? 14,53,285.00"
02-02-2017,-2066.25,-300,"? 14,50,918.75"
03-02-2017,-1188.75,-300,"? 14,49,430.00"
06-02-2017,-2265,-300,"? 14,46,865.00"
07-02-2017,273.75,-300,"? 14,46,838.75"
08-02-2017,-1638.75,-300,"? 14,44,900.00"
09-02-2017,-648.75,-300,"? 14,43,951.25"
10-02-2017,-450,-300,"? 14,43,201.25"
13-02-2017,-742.5,-300,"? 14,42,158.75"
14-02-2017,0,-300,"? 14,41,858.75"
15-02-2017,3813.75,-300,"? 14,45,372.50"
16-02-2017,2295,-300,"? 14,47,367.50"
17-02-2017,0,-300,"? 14,47,067.50"
20-02-2017,3858.75,-300,"? 14,50,626.25"
21-02-2017,225,-300,"? 14,50,551.25"
22-02-2017,-1837.5,-300,"? 14,48,413.75"
23-02-2017,-1488.75,-300,"? 14,46,625.00"
27-02-2017,1732.5,-300,"? 14,48,057.50"
28-02-2017,1207.5,-300,"? 14,48,965.00"
01-03-2017,-37.5,-300,"? 14,48,627.50"
02-03-2017,5838.75,-300,"? 14,54,166.25"
03-03-2017,-1151.25,-300,"? 14,52,715.00"
06-03-2017,581.25,-300,"? 14,52,996.25"
07-03-2017,232.5,-300,"? 14,52,928.75"
08-03-2017,1068.75,-300,"? 14,53,697.50"
09-03-2017,498.75,-300,"? 14,53,896.25"
10-03-2017,675,-300,"? 14,54,271.25"
14-03-2017,0,-300,"? 14,53,971.25"
15-03-2017,-1668.75,-300,"? 14,52,002.50"
16-03-2017,562.5,-300,"? 14,52,265.00"
17-03-2017,993.75,-300,"? 14,52,958.75"
20-03-2017,-303.75,-300,"? 14,52,355.00"
21-03-2017,-266.25,-300,"? 14,51,788.75"
22-03-2017,896.25,-300,"? 14,52,385.00"
23-03-2017,720,-300,"? 14,52,805.00"
24-03-2017,-2077.5,-300,"? 14,50,427.50"
27-03-2017,600,-300,"? 14,50,727.50"
28-03-2017,945,-300,"? 14,51,372.50"
29-03-2017,1582.5,-300,"? 14,52,655.00"
30-03-2017,-873.75,-300,"? 14,51,481.25"
31-03-2017,-2272.5,-300,"? 14,48,908.75"
03-04-2017,1770,-300,"? 14,50,378.75"
05-04-2017,-221.25,-300,"? 14,49,857.50"
06-04-2017,1875,-300,"? 14,51,432.50"
07-04-2017,-438.75,-300,"? 14,50,693.75"
10-04-2017,1432.5,-300,"? 14,51,826.25"
11-04-2017,1893.75,-300,"? 14,53,420.00"
12-04-2017,0,-300,"? 14,53,120.00"
13-04-2017,1968.75,-300,"? 14,54,788.75"
17-04-2017,0,-300,"? 14,54,488.75"
18-04-2017,750,-300,"? 14,54,938.75"
19-04-2017,-2400,-300,"? 14,52,238.75"
20-04-2017,742.5,-300,"? 14,52,681.25"
21-04-2017,2456.25,-300,"? 14,54,837.50"
24-04-2017,3907.5,-300,"? 14,58,445.00"
25-04-2017,2358.75,-300,"? 14,60,503.75"
26-04-2017,-2272.5,-300,"? 14,57,931.25"
27-04-2017,-1391.25,-300,"? 14,56,240.00"
28-04-2017,-855,-300,"? 14,55,085.00"
02-05-2017,435,-300,"? 14,55,220.00"
03-05-2017,750,-300,"? 14,55,670.00"
04-05-2017,-1117.5,-300,"? 14,54,252.50"
05-05-2017,2943.75,-300,"? 14,56,896.25"
08-05-2017,-903.75,-300,"? 14,55,692.50"
09-05-2017,0,-300,"? 14,55,392.50"
10-05-2017,1886.25,-300,"? 14,56,978.75"
11-05-2017,-322.5,-300,"? 14,56,356.25"
12-05-2017,-1638.75,-300,"? 14,54,417.50"
15-05-2017,487.5,-300,"? 14,54,605.00"
16-05-2017,1563.75,-300,"? 14,55,868.75"
17-05-2017,-3161.25,-300,"? 14,52,407.50"
18-05-2017,2332.5,-300,"? 14,54,440.00"
19-05-2017,2730,-300,"? 14,56,870.00"
22-05-2017,1237.5,-300,"? 14,57,807.50"
23-05-2017,-18.75,-300,"? 14,57,488.75"
24-05-2017,-153.75,-300,"? 14,57,035.00"
25-05-2017,7087.5,-300,"? 14,63,822.50"
26-05-2017,2452.5,-300,"? 14,65,975.00"
29-05-2017,-1327.5,-300,"? 14,64,347.50"
30-05-2017,-592.5,-300,"? 14,63,455.00"
31-05-2017,-3285,-300,"? 14,59,870.00"
01-06-2017,-2396.25,-300,"? 14,57,173.75"
02-06-2017,0,-300,"? 14,56,873.75"
05-06-2017,367.5,-300,"? 14,56,941.25"
06-06-2017,1875,-300,"? 14,58,516.25"
07-06-2017,-2550,-300,"? 14,55,666.25"
08-06-2017,285,-300,"? 14,55,651.25"
09-06-2017,1890,-300,"? 14,57,241.25"
12-06-2017,-701.25,-300,"? 14,56,240.00"
13-06-2017,-146.25,-300,"? 14,55,793.75"
14-06-2017,-2261.25,-300,"? 14,53,232.50"
15-06-2017,1230,-300,"? 14,54,162.50"
16-06-2017,457.5,-300,"? 14,54,320.00"
19-06-2017,1837.5,-300,"? 14,55,857.50"
20-06-2017,-296.25,-300,"? 14,55,261.25"
21-06-2017,-1792.5,-300,"? 14,53,168.75"
22-06-2017,-180,-300,"? 14,52,688.75"
23-06-2017,858.75,-300,"? 14,53,247.50"
27-06-2017,2257.5,-300,"? 14,55,205.00"
28-06-2017,-3641.25,-300,"? 14,51,263.75"
29-06-2017,52.5,-300,"? 14,51,016.25"
30-06-2017,3521.25,-300,"? 14,54,237.50"
03-07-2017,2388.75,-300,"? 14,56,326.25"
04-07-2017,1503.75,-300,"? 14,57,530.00"
05-07-2017,956.25,-300,"? 14,58,186.25"
06-07-2017,157.5,-300,"? 14,58,043.75"
07-07-2017,-168.75,-300,"? 14,57,575.00"
10-07-2017,2471.25,-300,"? 14,59,746.25"
11-07-2017,-2212.5,-300,"? 14,57,233.75"
12-07-2017,-1623.75,-300,"? 14,55,310.00"
13-07-2017,221.25,-300,"? 14,55,231.25"
14-07-2017,-1657.5,-300,"? 14,53,273.75"
17-07-2017,-292.5,-300,"? 14,52,681.25"
18-07-2017,423.75,-300,"? 14,52,805.00"
19-07-2017,2298.75,-300,"? 14,54,803.75"
20-07-2017,1848.75,-300,"? 14,56,352.50"
21-07-2017,-2838.75,-300,"? 14,53,213.75"
24-07-2017,997.5,-300,"? 14,53,911.25"
25-07-2017,-540,-300,"? 14,53,071.25"
26-07-2017,2388.75,-300,"? 14,55,160.00"
27-07-2017,705,-300,"? 14,55,565.00"
28-07-2017,-3442.5,-300,"? 14,51,822.50"
31-07-2017,2302.5,-300,"? 14,53,825.00"
01-08-2017,37.5,-300,"? 14,53,562.50"
02-08-2017,3592.5,-300,"? 14,56,855.00"
03-08-2017,1995,-300,"? 14,58,550.00"
04-08-2017,1665,-300,"? 14,59,915.00"
07-08-2017,667.5,-300,"? 14,60,282.50"
08-08-2017,52.5,-300,"? 14,60,035.00"
09-08-2017,255,-300,"? 14,59,990.00"
10-08-2017,-3562.5,-300,"? 14,56,127.50"
11-08-2017,-611.25,-300,"? 14,55,216.25"
14-08-2017,-60,-300,"? 14,54,856.25"
16-08-2017,5895,-300,"? 14,60,451.25"
17-08-2017,600,-300,"? 14,60,751.25"
18-08-2017,-1087.5,-300,"? 14,59,363.75"
21-08-2017,7462.5,-300,"? 14,66,526.25"
22-08-2017,-757.5,-300,"? 14,65,468.75"
23-08-2017,2632.5,-300,"? 14,67,801.25"
24-08-2017,0,-300,"? 14,67,501.25"
28-08-2017,120,-300,"? 14,67,321.25"
29-08-2017,2895,-300,"? 14,69,916.25"
30-08-2017,258.75,-300,"? 14,69,875.00"
31-08-2017,-1327.5,-300,"? 14,68,247.50"
01-09-2017,716.25,-300,"? 14,68,663.75"
04-09-2017,3678.75,-300,"? 14,72,042.50"
05-09-2017,-2362.5,-300,"? 14,69,380.00"
06-09-2017,378.75,-300,"? 14,69,458.75"
07-09-2017,1316.25,-300,"? 14,70,475.00"
08-09-2017,1908.75,-300,"? 14,72,083.75"
11-09-2017,1181.25,-300,"? 14,72,965.00"
12-09-2017,2392.5,-300,"? 14,75,057.50"
13-09-2017,-1657.5,-300,"? 14,73,100.00"
14-09-2017,1402.5,-300,"? 14,74,202.50"
15-09-2017,-2407.5,-300,"? 14,71,495.00"
18-09-2017,-772.5,-300,"? 14,70,422.50"
19-09-2017,-472.5,-300,"? 14,69,650.00"
20-09-2017,810,-300,"? 14,70,160.00"
21-09-2017,-2715,-300,"? 14,67,145.00"
22-09-2017,4177.5,-300,"? 14,71,022.50"
25-09-2017,-1601.25,-300,"? 14,69,121.25"
26-09-2017,-5002.5,-300,"? 14,63,818.75"
27-09-2017,7582.5,-300,"? 14,71,101.25"
28-09-2017,922.5,-300,"? 14,71,723.75"
29-09-2017,-536.25,-300,"? 14,70,887.50"
03-10-2017,0,-300,"? 14,70,587.50"
04-10-2017,1713.75,-300,"? 14,72,001.25"
05-10-2017,2167.5,-300,"? 14,73,868.75"
06-10-2017,2107.5,-300,"? 14,75,676.25"
09-10-2017,0,-300,"? 14,75,376.25"
10-10-2017,-4117.5,-300,"? 14,70,958.75"
11-10-2017,3442.5,-300,"? 14,74,101.25"
12-10-2017,5617.5,-300,"? 14,79,418.75"
13-10-2017,270,-300,"? 14,79,388.75"
16-10-2017,-1687.5,-300,"? 14,77,401.25"
17-10-2017,210,-300,"? 14,77,311.25"
18-10-2017,-480,-300,"? 14,76,531.25"
19-10-2017,0,-300,"? 14,76,231.25"
23-10-2017,-2272.5,-300,"? 14,73,658.75"
24-10-2017,-3787.5,-300,"? 14,69,571.25"
25-10-2017,-3390,-300,"? 14,65,881.25"
26-10-2017,3465,-300,"? 14,69,046.25"
27-10-2017,1590,-300,"? 14,70,336.25"
30-10-2017,-1290,-300,"? 14,68,746.25"
31-10-2017,195,-300,"? 14,68,641.25"
01-11-2017,682.5,-300,"? 14,69,023.75"
02-11-2017,645,-300,"? 14,69,368.75"
03-11-2017,0,-300,"? 14,69,068.75"
06-11-2017,-637.5,-300,"? 14,68,131.25"
07-11-2017,5467.5,-300,"? 14,73,298.75"
08-11-2017,1897.5,-300,"? 14,74,896.25"
09-11-2017,1950,-300,"? 14,76,546.25"
10-11-2017,-1440,-300,"? 14,74,806.25"
13-11-2017,4395,-300,"? 14,78,901.25"
14-11-2017,1275,-300,"? 14,79,876.25"
15-11-2017,52.5,-300,"? 14,79,628.75"
16-11-2017,4837.5,-300,"? 14,84,166.25"
17-11-2017,3112.5,-300,"? 14,86,978.75"
20-11-2017,-187.5,-300,"? 14,86,491.25"
21-11-2017,375,-300,"? 14,86,566.25"
22-11-2017,-2332.5,-300,"? 14,83,933.75"
23-11-2017,-2992.5,-300,"? 14,80,641.25"
24-11-2017,330,-300,"? 14,80,671.25"
27-11-2017,682.5,-300,"? 14,81,053.75"
28-11-2017,-375,-300,"? 14,80,378.75"
29-11-2017,-420,-300,"? 14,79,658.75"
30-11-2017,4230,-300,"? 14,83,588.75"
01-12-2017,8512.5,-300,"? 14,91,801.25"
04-12-2017,0,-300,"? 14,91,501.25"
05-12-2017,322.5,-300,"? 14,91,523.75"
06-12-2017,2850,-300,"? 14,94,073.75"
07-12-2017,5122.5,-300,"? 14,98,896.25"
08-12-2017,2107.5,-300,"? 15,00,703.75"
11-12-2017,-787.5,-300,"? 14,99,616.25"
12-12-2017,2550,-300,"? 15,01,866.25"
13-12-2017,-712.5,-300,"? 15,00,853.75"
14-12-2017,-682.5,-300,"? 14,99,871.25"
15-12-2017,810,-300,"? 15,00,381.25"
18-12-2017,-877.5,-300,"? 14,99,203.75"
19-12-2017,3285,-300,"? 15,02,188.75"
20-12-2017,247.5,-300,"? 15,02,136.25"
21-12-2017,885,-300,"? 15,02,721.25"
22-12-2017,660,-300,"? 15,03,081.25"
26-12-2017,-345,-300,"? 15,02,436.25"
27-12-2017,2085,-300,"? 15,04,221.25"
28-12-2017,1372.5,-300,"? 15,05,293.75"
29-12-2017,750,-300,"? 15,05,743.75"
01-01-2018,5340,-300,"? 15,10,783.75"
02-01-2018,-1886.25,-300,"? 15,08,597.50"
03-01-2018,2021.25,-300,"? 15,10,318.75"
04-01-2018,2767.5,-300,"? 15,12,786.25"
05-01-2018,-1826.25,-300,"? 15,10,660.00"
08-01-2018,202.5,-300,"? 15,10,562.50"
09-01-2018,-3686.25,-300,"? 15,06,576.25"
10-01-2018,588.75,-300,"? 15,06,865.00"
11-01-2018,1035,-300,"? 15,07,600.00"
12-01-2018,30,-300,"? 15,07,330.00"
15-01-2018,-1946.25,-300,"? 15,05,083.75"
16-01-2018,2283.75,-300,"? 15,07,067.50"
17-01-2018,4665,-300,"? 15,11,432.50"
18-01-2018,2370,-300,"? 15,13,502.50"
19-01-2018,3731.25,-300,"? 15,16,933.75"
22-01-2018,2456.25,-300,"? 15,19,090.00"
23-01-2018,3131.25,-300,"? 15,21,921.25"
24-01-2018,0,-300,"? 15,21,621.25"
25-01-2018,0,-300,"? 15,21,321.25"
29-01-2018,-1571.25,-300,"? 15,19,450.00"
30-01-2018,-652.5,-300,"? 15,18,497.50"
31-01-2018,-862.5,-300,"? 15,17,335.00"
01-02-2018,-4083.75,-300,"? 15,12,951.25"
02-02-2018,12675,-300,"? 15,25,326.25"
05-02-2018,802.5,-300,"? 15,25,828.75"
06-02-2018,8377.5,-300,"? 15,33,906.25"
07-02-2018,6078.75,-300,"? 15,39,685.00"
08-02-2018,795,-300,"? 15,40,180.00"
09-02-2018,-1792.5,-300,"? 15,38,087.50"
12-02-2018,285,-300,"? 15,38,072.50"
14-02-2018,5542.5,-300,"? 15,43,315.00"
15-02-2018,-4488.75,-300,"? 15,38,526.25"
16-02-2018,8047.5,-300,"? 15,46,273.75"
19-02-2018,-615,-300,"? 15,45,358.75"
20-02-2018,1222.5,-300,"? 15,46,281.25"
21-02-2018,0,-300,"? 15,45,981.25"
22-02-2018,-26.25,-300,"? 15,45,655.00"
23-02-2018,5373.75,-300,"? 15,50,728.75"
26-02-2018,787.5,-300,"? 15,51,216.25"
27-02-2018,1027.5,-300,"? 15,51,943.75"
28-02-2018,-855,-300,"? 15,50,788.75"
01-03-2018,2336.25,-300,"? 15,52,825.00"
05-03-2018,-56.25,-300,"? 15,52,468.75"
06-03-2018,13657.5,-300,"? 15,65,826.25"
07-03-2018,2610,-300,"? 15,68,136.25"
08-03-2018,-5006.25,-300,"? 15,62,830.00"
09-03-2018,-2418.75,-300,"? 15,60,111.25"
12-03-2018,6303.75,-300,"? 15,66,115.00"
13-03-2018,-7357.5,-300,"? 15,58,457.50"
14-03-2018,-1102.5,-300,"? 15,57,055.00"
15-03-2018,1702.5,-300,"? 15,58,457.50"
16-03-2018,6360,-300,"? 15,64,517.50"
19-03-2018,5370,-300,"? 15,69,587.50"
20-03-2018,1023.75,-300,"? 15,70,311.25"
21-03-2018,-588.75,-300,"? 15,69,422.50"
22-03-2018,3720,-300,"? 15,72,842.50"
23-03-2018,-5028.75,-300,"? 15,67,513.75"
26-03-2018,7916.25,-300,"? 15,75,130.00"
27-03-2018,-4668.75,-300,"? 15,70,161.25"
28-03-2018,-3236.25,-300,"? 15,66,625.00"
02-04-2018,3423.75,-300,"? 15,69,748.75"
03-04-2018,-1608.75,-300,"? 15,67,840.00"
04-04-2018,7402.5,-300,"? 15,74,942.50"
05-04-2018,3900,-300,"? 15,78,542.50"
06-04-2018,-213.75,-300,"? 15,78,028.75"
09-04-2018,-1147.5,-300,"? 15,76,581.25"
10-04-2018,315,-300,"? 15,76,596.25"
11-04-2018,0,-300,"? 15,76,296.25"
12-04-2018,1987.5,-300,"? 15,77,983.75"
13-04-2018,-1713.75,-300,"? 15,75,970.00"
16-04-2018,4132.5,-300,"? 15,79,802.50"
17-04-2018,-3236.25,-300,"? 15,76,266.25"
18-04-2018,-1132.5,-300,"? 15,74,833.75"
19-04-2018,-1676.25,-300,"? 15,72,857.50"
20-04-2018,-165,-300,"? 15,72,392.50"
23-04-2018,-716.25,-300,"? 15,71,376.25"
24-04-2018,-2197.5,-300,"? 15,68,878.75"
25-04-2018,1046.25,-300,"? 15,69,625.00"
26-04-2018,2051.25,-300,"? 15,71,376.25"
27-04-2018,-630,-300,"? 15,70,446.25"
30-04-2018,-757.5,-300,"? 15,69,388.75"
02-05-2018,-11.25,-300,"? 15,69,077.50"
03-05-2018,438.75,-300,"? 15,69,216.25"
04-05-2018,1552.5,-300,"? 15,70,468.75"
07-05-2018,5006.25,-300,"? 15,75,175.00"
08-05-2018,258.75,-300,"? 15,75,133.75"
09-05-2018,1852.5,-300,"? 15,76,686.25"
10-05-2018,2985,-300,"? 15,79,371.25"
11-05-2018,3003.75,-300,"? 15,82,075.00"
14-05-2018,-480,-300,"? 15,81,295.00"
15-05-2018,-210,-300,"? 15,80,785.00"
16-05-2018,-761.25,-300,"? 15,79,723.75"
17-05-2018,3108.75,-300,"? 15,82,532.50"
18-05-2018,2385,-300,"? 15,84,617.50"
21-05-2018,3851.25,-300,"? 15,88,168.75"
22-05-2018,0,-300,"? 15,87,868.75"
23-05-2018,4278.75,-300,"? 15,91,847.50"
24-05-2018,4931.25,-300,"? 15,96,478.75"
25-05-2018,3326.25,-300,"? 15,99,505.00"
28-05-2018,941.25,-300,"? 16,00,146.25"
29-05-2018,1571.25,-300,"? 16,01,417.50"
30-05-2018,1398.75,-300,"? 16,02,516.25"
31-05-2018,1050,-300,"? 16,03,266.25"
01-06-2018,2835,-300,"? 16,05,801.25"
04-06-2018,2463.75,-300,"? 16,07,965.00"
05-06-2018,-1136.25,-300,"? 16,06,528.75"
06-06-2018,3528.75,-300,"? 16,09,757.50"
07-06-2018,-446.25,-300,"? 16,09,011.25"
08-06-2018,-2775,-300,"? 16,05,936.25"
11-06-2018,-3371.25,-300,"? 16,02,265.00"
12-06-2018,1822.5,-300,"? 16,03,787.50"
13-06-2018,-2175,-300,"? 16,01,312.50"
14-06-2018,-1406.25,-300,"? 15,99,606.25"
15-06-2018,-4106.25,-300,"? 15,95,200.00"
18-06-2018,0,-300,"? 15,94,900.00"
19-06-2018,2812.5,-300,"? 15,97,412.50"
20-06-2018,1773.75,-300,"? 15,98,886.25"
21-06-2018,1961.25,-300,"? 16,00,547.50"
22-06-2018,4758.75,-300,"? 16,05,006.25"
25-06-2018,3157.5,-300,"? 16,07,863.75"
26-06-2018,-1215,-300,"? 16,06,348.75"
27-06-2018,6967.5,-300,"? 16,13,016.25"
28-06-2018,3926.25,-300,"? 16,16,642.50"
29-06-2018,3555,-300,"? 16,19,897.50"
02-07-2018,-187.5,-300,"? 16,19,410.00"
03-07-2018,1665,-300,"? 16,20,775.00"
04-07-2018,4293.75,-300,"? 16,24,768.75"
05-07-2018,378.75,-300,"? 16,24,847.50"
06-07-2018,-1053.75,-300,"? 16,23,493.75"
09-07-2018,-645,-300,"? 16,22,548.75"
10-07-2018,2373.75,-300,"? 16,24,622.50"
11-07-2018,-1650,-300,"? 16,22,672.50"
12-07-2018,-1027.5,-300,"? 16,21,345.00"
13-07-2018,-532.5,-300,"? 16,20,512.50"
16-07-2018,2962.5,-300,"? 16,23,175.00"
17-07-2018,2231.25,-300,"? 16,25,106.25"
18-07-2018,4102.5,-300,"? 16,28,908.75"
19-07-2018,-2043.75,-300,"? 16,26,565.00"
20-07-2018,-56.25,-300,"? 16,26,208.75"
23-07-2018,2302.5,-300,"? 16,28,211.25"
24-07-2018,-4935,-300,"? 16,22,976.25"
25-07-2018,-3183.75,-300,"? 16,19,492.50"
26-07-2018,-3551.25,-300,"? 16,15,641.25"
27-07-2018,2002.5,-300,"? 16,17,343.75"
30-07-2018,-1852.5,-300,"? 16,15,191.25"
31-07-2018,2265,-300,"? 16,17,156.25"
01-08-2018,2962.5,-300,"? 16,19,818.75"
02-08-2018,2190,-300,"? 16,21,708.75"
03-08-2018,2343.75,-300,"? 16,23,752.50"
06-08-2018,-682.5,-300,"? 16,22,770.00"
07-08-2018,225,-300,"? 16,22,695.00"
08-08-2018,2662.5,-300,"? 16,25,057.50"
09-08-2018,105,-300,"? 16,24,862.50"
10-08-2018,990,-300,"? 16,25,552.50"
13-08-2018,-412.5,-300,"? 16,24,840.00"
14-08-2018,1440,-300,"? 16,25,980.00"
16-08-2018,-4207.5,-300,"? 16,21,472.50"
17-08-2018,187.5,-300,"? 16,21,360.00"
20-08-2018,1155,-300,"? 16,22,215.00"
21-08-2018,-2017.5,-300,"? 16,19,897.50"
23-08-2018,-1582.5,-300,"? 16,18,015.00"
24-08-2018,772.5,-300,"? 16,18,487.50"
27-08-2018,3037.5,-300,"? 16,21,225.00"
28-08-2018,0,-300,"? 16,20,925.00"
29-08-2018,2640,-300,"? 16,23,265.00"
30-08-2018,-1368.75,-300,"? 16,21,596.25"
31-08-2018,-660,-300,"? 16,20,636.25"
03-09-2018,8463.75,-300,"? 16,28,800.00"
04-09-2018,877.5,-300,"? 16,29,377.50"
05-09-2018,1770,-300,"? 16,30,847.50"
06-09-2018,-6930,-300,"? 16,23,617.50"
07-09-2018,2437.5,-300,"? 16,25,755.00"
10-09-2018,4706.25,-300,"? 16,30,161.25"
11-09-2018,10563.75,-300,"? 16,40,425.00"
12-09-2018,-2748.75,-300,"? 16,37,376.25"
14-09-2018,3168.75,-300,"? 16,40,245.00"
17-09-2018,2587.5,-300,"? 16,42,532.50"
18-09-2018,6585,-300,"? 16,48,817.50"
19-09-2018,990,-300,"? 16,49,507.50"
21-09-2018,8628.75,-300,"? 16,57,836.25"
24-09-2018,5718.75,-300,"? 16,63,255.00"
25-09-2018,8546.25,-300,"? 16,71,501.25"
26-09-2018,1451.25,-300,"? 16,72,652.50"
27-09-2018,4477.5,-300,"? 16,76,830.00"
28-09-2018,1113.75,-300,"? 16,77,643.75"
01-10-2018,1601.25,-300,"? 16,78,945.00"
03-10-2018,-4758.75,-300,"? 16,73,886.25"
04-10-2018,9311.25,-300,"? 16,82,897.50"
05-10-2018,15510,-300,"? 16,98,107.50"
08-10-2018,-12821.25,-300,"? 16,84,986.25"
09-10-2018,2707.5,-300,"? 16,87,393.75"
10-10-2018,3431.25,-300,"? 16,90,525.00"
11-10-2018,2497.5,-300,"? 16,92,722.50"
12-10-2018,1380,-300,"? 16,93,802.50"
15-10-2018,-6960,-300,"? 16,86,542.50"
16-10-2018,-862.5,-300,"? 16,85,380.00"
17-10-2018,12333.75,-300,"? 16,97,413.75"
19-10-2018,221.25,-300,"? 16,97,335.00"
22-10-2018,3000,-300,"? 17,00,035.00"
23-10-2018,-5411.25,-300,"? 16,94,323.75"
24-10-2018,-2085,-300,"? 16,91,938.75"
25-10-2018,-6393.75,-300,"? 16,85,245.00"
26-10-2018,-7721.25,-300,"? 16,77,223.75"
29-10-2018,12348.75,-300,"? 16,89,272.50"
30-10-2018,-3341.25,-300,"? 16,85,631.25"
31-10-2018,123.75,-300,"? 16,85,455.00"
01-11-2018,-1567.5,-300,"? 16,83,587.50"
02-11-2018,1683.75,-300,"? 16,84,971.25"
05-11-2018,-1908.75,-300,"? 16,82,762.50"
06-11-2018,2557.5,-300,"? 16,85,020.00"
07-11-2018,0,-300,"? 16,84,720.00"
09-11-2018,-2351.25,-300,"? 16,82,068.75"
12-11-2018,7668.75,-300,"? 16,89,437.50"
13-11-2018,6183.75,-300,"? 16,95,321.25"
14-11-2018,-281.25,-300,"? 16,94,740.00"
15-11-2018,-258.75,-300,"? 16,94,181.25"
16-11-2018,-6971.25,-300,"? 16,86,910.00"
19-11-2018,1072.5,-300,"? 16,87,682.50"
20-11-2018,5283.75,-300,"? 16,92,666.25"
21-11-2018,-540,-300,"? 16,91,826.25"
22-11-2018,6577.5,-300,"? 16,98,103.75"
26-11-2018,1050,-300,"? 16,98,853.75"
27-11-2018,4061.25,-300,"? 17,02,615.00"
28-11-2018,-1083.75,-300,"? 17,01,231.25"
29-11-2018,4916.25,-300,"? 17,05,847.50"
30-11-2018,97.5,-300,"? 17,05,645.00"
03-12-2018,1143.75,-300,"? 17,06,488.75"
04-12-2018,-1665,-300,"? 17,04,523.75"
05-12-2018,-165,-300,"? 17,04,058.75"
06-12-2018,5070,-300,"? 17,08,828.75"
07-12-2018,-2130,-300,"? 17,06,398.75"
10-12-2018,1241.25,-300,"? 17,07,340.00"
11-12-2018,11542.5,-300,"? 17,18,582.50"
12-12-2018,6750,-300,"? 17,25,032.50"
13-12-2018,-5171.25,-300,"? 17,19,561.25"
14-12-2018,0,-300,"? 17,19,261.25"
17-12-2018,1301.25,-300,"? 17,20,262.50"
18-12-2018,3727.5,-300,"? 17,23,690.00"
19-12-2018,-4147.5,-300,"? 17,19,242.50"
20-12-2018,-1372.5,-300,"? 17,17,570.00"
21-12-2018,10072.5,-300,"? 17,27,342.50"
24-12-2018,3180,-300,"? 17,30,222.50"
26-12-2018,1530,-300,"? 17,31,452.50"
27-12-2018,-2707.5,-300,"? 17,28,445.00"
28-12-2018,-1563.75,-300,"? 17,26,581.25"
31-12-2018,1076.25,-300,"? 17,27,357.50"
01-01-2019,-1968.75,-300,"? 17,25,088.75"
02-01-2019,2643.75,-300,"? 17,27,432.50"
03-01-2019,2917.5,-300,"? 17,30,050.00"
04-01-2019,-4428.75,-300,"? 17,25,321.25"
07-01-2019,-1878.75,-300,"? 17,23,142.50"
08-01-2019,-176.25,-300,"? 17,22,666.25"
09-01-2019,63.75,-300,"? 17,22,430.00"
10-01-2019,903.75,-300,"? 17,23,033.75"
11-01-2019,2790,-300,"? 17,25,523.75"
14-01-2019,-1717.5,-300,"? 17,23,506.25"
15-01-2019,3723.75,-300,"? 17,26,930.00"
16-01-2019,461.25,-300,"? 17,27,091.25"
17-01-2019,-1980,-300,"? 17,24,811.25"
18-01-2019,-2572.5,-300,"? 17,21,938.75"
21-01-2019,-2235,-300,"? 17,19,403.75"
22-01-2019,-922.5,-300,"? 17,18,181.25"
23-01-2019,3390,-300,"? 17,21,271.25"
24-01-2019,1248.75,-300,"? 17,22,220.00"
25-01-2019,6138.75,-300,"? 17,28,058.75"
28-01-2019,2193.75,-300,"? 17,29,952.50"
29-01-2019,-3030,-300,"? 17,26,622.50"
30-01-2019,2685,-300,"? 17,29,007.50"
31-01-2019,8298.75,-300,"? 17,37,006.25"
01-02-2019,-4946.25,-300,"? 17,31,760.00"
04-02-2019,735,-300,"? 17,32,195.00"
05-02-2019,686.25,-300,"? 17,32,581.25"
06-02-2019,3952.5,-300,"? 17,36,233.75"
07-02-2019,-6817.5,-300,"? 17,29,116.25"
08-02-2019,5988.75,-300,"? 17,34,805.00"
11-02-2019,0,-300,"? 17,34,505.00"
12-02-2019,3060,-300,"? 17,37,265.00"
13-02-2019,5396.25,-300,"? 17,42,361.25"
14-02-2019,-1140,-300,"? 17,40,921.25"
15-02-2019,-3303.75,-300,"? 17,37,317.50"
18-02-2019,1672.5,-300,"? 17,38,690.00"
19-02-2019,303.75,-300,"? 17,38,693.75"
20-02-2019,1042.5,-300,"? 17,39,436.25"
21-02-2019,821.25,-300,"? 17,39,957.50"
22-02-2019,-378.75,-300,"? 17,39,278.75"
25-02-2019,3813.75,-300,"? 17,42,792.50"
26-02-2019,123.75,-300,"? 17,42,616.25"
27-02-2019,4316.25,-300,"? 17,46,632.50"
28-02-2019,450,-300,"? 17,46,782.50"
01-03-2019,-2182.5,-300,"? 17,44,300.00"
05-03-2019,9116.25,-300,"? 17,53,116.25"
06-03-2019,-5276.25,-300,"? 17,47,540.00"
07-03-2019,-3862.5,-300,"? 17,43,377.50"
08-03-2019,-318.75,-300,"? 17,42,758.75"
11-03-2019,2816.25,-300,"? 17,45,275.00"
12-03-2019,671.25,-300,"? 17,45,646.25"
13-03-2019,926.25,-300,"? 17,46,272.50"
14-03-2019,-562.5,-300,"? 17,45,410.00"
15-03-2019,352.5,-300,"? 17,45,462.50"
18-03-2019,176.25,-300,"? 17,45,338.75"
19-03-2019,-15,-300,"? 17,45,023.75"
20-03-2019,-153.75,-300,"? 17,44,570.00"
22-03-2019,6048.75,-300,"? 17,50,318.75"
25-03-2019,-97.5,-300,"? 17,49,921.25"
26-03-2019,5962.5,-300,"? 17,55,583.75"
27-03-2019,2340,-300,"? 17,57,623.75"
28-03-2019,5130,-300,"? 17,62,453.75"
29-03-2019,-4016.25,-300,"? 17,58,137.50"
01-04-2019,-1042.5,-300,"? 17,56,795.00"
02-04-2019,1061.25,-300,"? 17,57,556.25"
03-04-2019,7642.5,-300,"? 17,64,898.75"
04-04-2019,1380,-300,"? 17,65,978.75"
05-04-2019,-697.5,-300,"? 17,64,981.25"
08-04-2019,3731.25,-300,"? 17,68,412.50"
09-04-2019,-15,-300,"? 17,68,097.50"
10-04-2019,5606.25,-300,"? 17,73,403.75"
11-04-2019,-2115,-300,"? 17,70,988.75"
12-04-2019,-123.75,-300,"? 17,70,565.00"
15-04-2019,1128.75,-300,"? 17,71,393.75"
16-04-2019,1185,-300,"? 17,72,278.75"
18-04-2019,566.25,-300,"? 17,72,545.00"
22-04-2019,4342.5,-300,"? 17,76,587.50"
23-04-2019,1166.25,-300,"? 17,77,453.75"
24-04-2019,5955,-300,"? 17,83,108.75"
25-04-2019,2651.25,-300,"? 17,85,460.00"
26-04-2019,4173.75,-300,"? 17,89,333.75"
30-04-2019,-322.5,-300,"? 17,88,711.25"
02-05-2019,-4518.75,-300,"? 17,83,892.50"
03-05-2019,-1185,-300,"? 17,82,407.50"
06-05-2019,-1845,-300,"? 17,80,262.50"
07-05-2019,8463.75,-300,"? 17,88,426.25"
08-05-2019,3588.75,-300,"? 17,91,715.00"
09-05-2019,-7016.25,-300,"? 17,84,398.75"
10-05-2019,1601.25,-300,"? 17,85,700.00"
13-05-2019,4095,-300,"? 17,89,495.00"
14-05-2019,4781.25,-300,"? 17,93,976.25"
15-05-2019,716.25,-300,"? 17,94,392.50"
16-05-2019,5831.25,-300,"? 17,99,923.75"
17-05-2019,7657.5,-300,"? 18,07,281.25"
20-05-2019,10267.5,-300,"? 18,17,248.75"
21-05-2019,8782.5,-300,"? 18,25,731.25"
22-05-2019,896.25,-300,"? 18,26,327.50"
23-05-2019,4027.5,-300,"? 18,30,055.00"
24-05-2019,6041.25,-300,"? 18,35,796.25"
27-05-2019,1905,-300,"? 18,37,401.25"
28-05-2019,-3243.75,-300,"? 18,33,857.50"
29-05-2019,-480,-300,"? 18,33,077.50"
30-05-2019,2130,-300,"? 18,34,907.50"
31-05-2019,5958.75,-300,"? 18,40,566.25"
03-06-2019,8853.75,-300,"? 18,49,120.00"
04-06-2019,675,-300,"? 18,49,495.00"
06-06-2019,8538.75,-300,"? 18,57,733.75"
07-06-2019,-558.75,-300,"? 18,56,875.00"
10-06-2019,652.5,-300,"? 18,57,227.50"
11-06-2019,330,-300,"? 18,57,257.50"
12-06-2019,-1087.5,-300,"? 18,55,870.00"
13-06-2019,-3033.75,-300,"? 18,52,536.25"
14-06-2019,3495,-300,"? 18,55,731.25"
17-06-2019,5396.25,-300,"? 18,60,827.50"
18-06-2019,-5415,-300,"? 18,55,112.50"
19-06-2019,2876.25,-300,"? 18,57,688.75"
20-06-2019,9405,-300,"? 18,66,793.75"
21-06-2019,3206.25,-300,"? 18,69,700.00"
24-06-2019,-371.25,-300,"? 18,69,028.75"
25-06-2019,5336.25,-300,"? 18,74,065.00"
26-06-2019,318.75,-300,"? 18,74,083.75"
27-06-2019,-648.75,-300,"? 18,73,135.00"
28-06-2019,2861.25,-300,"? 18,75,696.25"
01-07-2019,-525,-300,"? 18,74,871.25"
02-07-2019,-1938.75,-300,"? 18,72,632.50"
03-07-2019,-1203.75,-300,"? 18,71,128.75"
04-07-2019,-1455,-300,"? 18,69,373.75"
05-07-2019,11122.5,-300,"? 18,80,196.25"
08-07-2019,8216.25,-300,"? 18,88,112.50"
09-07-2019,-2355,-300,"? 18,85,457.50"
10-07-2019,3742.5,-300,"? 18,88,900.00"
11-07-2019,1286.25,-300,"? 18,89,886.25"
12-07-2019,-1848.75,-300,"? 18,87,737.50"
15-07-2019,-1950,-300,"? 18,85,487.50"
16-07-2019,1882.5,-300,"? 18,87,070.00"
17-07-2019,-101.25,-300,"? 18,86,668.75"
18-07-2019,1766.25,-300,"? 18,88,135.00"
19-07-2019,5910,-300,"? 18,93,745.00"
22-07-2019,-1886.25,-300,"? 18,91,558.75"
23-07-2019,-4361.25,-300,"? 18,86,897.50"
24-07-2019,-907.5,-300,"? 18,85,690.00"
25-07-2019,1245,-300,"? 18,86,635.00"
26-07-2019,2568.75,-300,"? 18,88,903.75"
29-07-2019,3300,-300,"? 18,91,903.75"
30-07-2019,8992.5,-300,"? 19,00,596.25"
31-07-2019,483.75,-300,"? 19,00,780.00"
01-08-2019,3847.5,-300,"? 19,04,327.50"
02-08-2019,828.75,-300,"? 19,04,856.25"
05-08-2019,-4087.5,-300,"? 19,00,468.75"
06-08-2019,-157.5,-300,"? 19,00,011.25"
07-08-2019,4863.75,-300,"? 19,04,575.00"
08-08-2019,10387.5,-300,"? 19,14,662.50"
09-08-2019,-262.5,-300,"? 19,14,100.00"
13-08-2019,9783.75,-300,"? 19,23,583.75"
14-08-2019,855,-300,"? 19,24,138.75"
16-08-2019,26.25,-300,"? 19,23,865.00"
19-08-2019,120,-300,"? 19,23,685.00"
20-08-2019,-1770,-300,"? 19,21,615.00"
21-08-2019,5118.75,-300,"? 19,26,433.75"
22-08-2019,9131.25,-300,"? 19,35,265.00"
23-08-2019,8816.25,-300,"? 19,43,781.25"
26-08-2019,4935,-300,"? 19,48,416.25"
27-08-2019,-427.5,-300,"? 19,47,688.75"
28-08-2019,1203.75,-300,"? 19,48,592.50"
29-08-2019,-1230,-300,"? 19,47,062.50"
30-08-2019,-2842.5,-300,"? 19,43,920.00"
03-09-2019,7008.75,-300,"? 19,50,628.75"
04-09-2019,-1350,-300,"? 19,48,978.75"
05-09-2019,-1736.25,-300,"? 19,46,942.50"
06-09-2019,806.25,-300,"? 19,47,448.75"
09-09-2019,1500,-300,"? 19,48,648.75"
11-09-2019,-1286.25,-300,"? 19,47,062.50"
12-09-2019,5872.5,-300,"? 19,52,635.00"
13-09-2019,4665,-300,"? 19,57,000.00"
16-09-2019,-2670,-300,"? 19,54,030.00"
17-09-2019,8111.25,-300,"? 19,61,841.25"
18-09-2019,0,-300,"? 19,61,541.25"
19-09-2019,4713.75,-300,"? 19,65,955.00"
20-09-2019,40143.75,-300,"? 20,05,798.75"
23-09-2019,-3813.75,-300,"? 20,01,685.00"
24-09-2019,-952.5,-300,"? 20,00,432.50"
25-09-2019,5096.25,-300,"? 20,05,228.75"
26-09-2019,1612.5,-300,"? 20,06,541.25"
27-09-2019,911.25,-300,"? 20,07,152.50"
30-09-2019,-7725,-300,"? 19,99,127.50"
01-10-2019,4256.25,-300,"? 20,03,083.75"
03-10-2019,-2610,-300,"? 20,00,173.75"
04-10-2019,14047.5,-300,"? 20,13,921.25"
07-10-2019,-6360,-300,"? 20,07,261.25"
09-10-2019,8808.75,-300,"? 20,15,770.00"
10-10-2019,-251.25,-300,"? 20,15,218.75"
11-10-2019,-2058.75,-300,"? 20,12,860.00"
14-10-2019,-1125,-300,"? 20,11,435.00"
15-10-2019,2726.25,-300,"? 20,13,861.25"
16-10-2019,-3018.75,-300,"? 20,10,542.50"
17-10-2019,7773.75,-300,"? 20,18,016.25"
18-10-2019,2257.5,-300,"? 20,19,973.75"
22-10-2019,4451.25,-300,"? 20,24,125.00"
23-10-2019,-1346.25,-300,"? 20,22,478.75"
24-10-2019,1942.5,-300,"? 20,24,121.25"
25-10-2019,22.5,-300,"? 20,23,843.75"
27-10-2019,0,-300,"? 20,23,543.75"
29-10-2019,6900,-300,"? 20,30,143.75"
30-10-2019,0,-300,"? 20,29,843.75"
31-10-2019,-1545,-300,"? 20,27,998.75"
01-11-2019,-1526.25,-300,"? 20,26,172.50"
04-11-2019,-3562.5,-300,"? 20,22,310.00"
05-11-2019,296.25,-300,"? 20,22,306.25"
06-11-2019,438.75,-300,"? 20,22,445.00"
07-11-2019,-3266.25,-300,"? 20,18,878.75"
08-11-2019,2737.5,-300,"? 20,21,316.25"
11-11-2019,-3570,-300,"? 20,17,446.25"
13-11-2019,5508.75,-300,"? 20,22,655.00"
14-11-2019,1177.5,-300,"? 20,23,532.50"
15-11-2019,378.75,-300,"? 20,23,611.25"
18-11-2019,-648.75,-300,"? 20,22,662.50"
19-11-2019,3090,-300,"? 20,25,452.50"
20-11-2019,-1417.5,-300,"? 20,23,735.00"
21-11-2019,1593.75,-300,"? 20,25,028.75"
22-11-2019,813.75,-300,"? 20,25,542.50"
25-11-2019,7312.5,-300,"? 20,32,555.00"
26-11-2019,3836.25,-300,"? 20,36,091.25"
27-11-2019,-2265,-300,"? 20,33,526.25"
28-11-2019,1920,-300,"? 20,35,146.25"
29-11-2019,3146.25,-300,"? 20,37,992.50"
02-12-2019,1661.25,-300,"? 20,39,353.75"
03-12-2019,693.75,-300,"? 20,39,747.50"
04-12-2019,-8321.25,-300,"? 20,31,126.25"
05-12-2019,2077.5,-300,"? 20,32,903.75"
06-12-2019,8497.5,-300,"? 20,41,101.25"
09-12-2019,-18.75,-300,"? 20,40,782.50"
10-12-2019,4046.25,-300,"? 20,44,528.75"
11-12-2019,-1267.5,-300,"? 20,42,961.25"
12-12-2019,-127.5,-300,"? 20,42,533.75"
13-12-2019,2456.25,-300,"? 20,44,690.00"
16-12-2019,1571.25,-300,"? 20,45,961.25"
17-12-2019,3176.25,-300,"? 20,48,837.50"
18-12-2019,843.75,-300,"? 20,49,381.25"
19-12-2019,2951.25,-300,"? 20,52,032.50"
20-12-2019,-607.5,-300,"? 20,51,125.00"
23-12-2019,-5242.5,-300,"? 20,45,582.50"
24-12-2019,3457.5,-300,"? 20,48,740.00"
26-12-2019,5152.5,-300,"? 20,53,592.50"
27-12-2019,4755,-300,"? 20,58,047.50"
30-12-2019,18.75,-300,"? 20,57,766.25"
31-12-2019,2343.75,-300,"? 20,59,810.00"
01-01-2020,-240,-300,"? 20,59,270.00"
02-01-2020,4005,-300,"? 20,62,975.00"
03-01-2020,-731.25,-300,"? 20,61,943.75"
06-01-2020,5703.75,-300,"? 20,67,347.50"
07-01-2020,1545,-300,"? 20,68,592.50"
08-01-2020,0,-300,"? 20,68,292.50"
09-01-2020,3318.75,-300,"? 20,71,311.25"
10-01-2020,-3588.75,-300,"? 20,67,422.50"
13-01-2020,-2265,-300,"? 20,64,857.50"
14-01-2020,993.75,-300,"? 20,65,551.25"
15-01-2020,-4878.75,-300,"? 20,60,372.50"
16-01-2020,-266.25,-300,"? 20,59,806.25"
17-01-2020,-2100,-300,"? 20,57,406.25"
20-01-2020,5718.75,-300,"? 20,62,825.00"
21-01-2020,-30,-300,"? 20,62,495.00"
22-01-2020,4942.5,-300,"? 20,67,137.50"
23-01-2020,656.25,-300,"? 20,67,493.75"
24-01-2020,967.5,-300,"? 20,68,161.25"
27-01-2020,206.25,-300,"? 20,68,067.50"
28-01-2020,3412.5,-300,"? 20,71,180.00"
29-01-2020,-8808.75,-300,"? 20,62,071.25"
30-01-2020,2688.75,-300,"? 20,64,460.00"
31-01-2020,5201.25,-300,"? 20,69,361.25"
01-02-2020,16571.25,-300,"? 20,85,632.50"
03-02-2020,120,-300,"? 20,85,452.50"
04-02-2020,8943.75,-300,"? 20,94,096.25"
05-02-2020,4233.75,-300,"? 20,98,030.00"
06-02-2020,-6213.75,-300,"? 20,91,516.25"
07-02-2020,1462.5,-300,"? 20,92,678.75"
10-02-2020,-1871.25,-300,"? 20,90,507.50"
11-02-2020,-97.5,-300,"? 20,90,110.00"
12-02-2020,-1698.75,-300,"? 20,88,111.25"
13-02-2020,-622.5,-300,"? 20,87,188.75"
14-02-2020,6026.25,-300,"? 20,92,915.00"
17-02-2020,2197.5,-300,"? 20,94,812.50"
18-02-2020,-3551.25,-300,"? 20,90,961.25"
19-02-2020,-2805,-300,"? 20,87,856.25"
20-02-2020,-900,-300,"? 20,86,656.25"
24-02-2020,6967.5,-300,"? 20,93,323.75"
25-02-2020,45,-300,"? 20,93,068.75"
26-02-2020,-5321.25,-300,"? 20,87,447.50"
27-02-2020,-4590,-300,"? 20,82,557.50"
28-02-2020,5561.25,-300,"? 20,87,818.75"
02-03-2020,12990,-300,"? 21,00,508.75"
03-03-2020,-5565,-300,"? 20,94,643.75"
04-03-2020,1410,-300,"? 20,95,753.75"
05-03-2020,-5058.75,-300,"? 20,90,395.00"
06-03-2020,1076.25,-300,"? 20,91,171.25"
09-03-2020,8437.5,-300,"? 20,99,308.75"
11-03-2020,-5152.5,-300,"? 20,93,856.25"
12-03-2020,19485,-300,"? 21,13,041.25"
13-03-2020,22987.5,-300,"? 21,35,728.75"
16-03-2020,-4938.75,-300,"? 21,30,490.00"
17-03-2020,-15727.5,-300,"? 21,14,462.50"
18-03-2020,21101.25,-300,"? 21,35,263.75"
19-03-2020,17231.25,-300,"? 21,52,195.00"
20-03-2020,23958.75,-300,"? 21,75,853.75"
23-03-2020,14928.75,-300,"? 21,90,482.50"
24-03-2020,-20700,-300,"? 21,69,482.50"
25-03-2020,25106.25,-300,"? 21,94,288.75"
26-03-2020,-2220,-300,"? 21,91,768.75"
27-03-2020,13260,-300,"? 22,04,728.75"
30-03-2020,-5340,-300,"? 21,99,088.75"
31-03-2020,2118.75,-300,"? 22,00,907.50"
01-04-2020,8148.75,-300,"? 22,08,756.25"
03-04-2020,1841.25,-300,"? 22,10,297.50"
07-04-2020,24802.5,-300,"? 22,34,800.00"
08-04-2020,-17141.25,-300,"? 22,17,358.75"
09-04-2020,1297.5,-300,"? 22,18,356.25"
13-04-2020,0,-300,"? 22,18,056.25"
15-04-2020,4698.75,-300,"? 22,22,455.00"
16-04-2020,5351.25,-300,"? 22,27,506.25"
17-04-2020,-5418.75,-300,"? 22,21,787.50"
20-04-2020,-1031.25,-300,"? 22,20,456.25"
21-04-2020,-3206.25,-300,"? 22,16,950.00"
22-04-2020,12836.25,-300,"? 22,29,486.25"
23-04-2020,2178.75,-300,"? 22,31,365.00"
24-04-2020,-4462.5,-300,"? 22,26,602.50"
27-04-2020,-4286.25,-300,"? 22,22,016.25"
28-04-2020,1053.75,-300,"? 22,22,770.00"
29-04-2020,5557.5,-300,"? 22,28,027.50"
30-04-2020,952.5,-300,"? 22,28,680.00"
04-05-2020,3862.5,-300,"? 22,32,242.50"
05-05-2020,8842.5,-300,"? 22,40,785.00"
06-05-2020,1241.25,-300,"? 22,41,726.25"
07-05-2020,-446.25,-300,"? 22,40,980.00"
08-05-2020,4758.75,-300,"? 22,45,438.75"
11-05-2020,7623.75,-300,"? 22,52,762.50"
12-05-2020,3873.75,-300,"? 22,56,336.25"
13-05-2020,-1237.5,-300,"? 22,54,798.75"
14-05-2020,4796.25,-300,"? 22,59,295.00"
15-05-2020,-4571.25,-300,"? 22,54,423.75"
18-05-2020,6315,-300,"? 22,60,438.75"
19-05-2020,-9637.5,-300,"? 22,50,501.25"
20-05-2020,6791.25,-300,"? 22,56,992.50"
21-05-2020,-1256.25,-300,"? 22,55,436.25"
22-05-2020,-386.25,-300,"? 22,54,750.00"
26-05-2020,4443.75,-300,"? 22,58,893.75"
27-05-2020,18112.5,-300,"? 22,76,706.25"
28-05-2020,4428.75,-300,"? 22,80,835.00"
